{"('en1', 'en2')": {"overlap": 1032, "arousal": {"g1vg2": 0.7595171525999059, "g1vpr": 0.7606949829924109, "g2vpr": 0.7111269484013218}, "valence": {"g1vg2": 0.9525522303285292, "g1vpr": 0.9405435609709295, "g2vpr": 0.9215537996480875}, "dominance": {"g1vg2": 0.7944747393076227, "g1vpr": 0.8789710139173657, "g2vpr": 0.7818546349491288}}, "('es1', 'es2')": {"overlap": 610, "arousal": {"g1vg2": 0.7580136953288056, "g1vpr": 0.7144294971195944, "g2vpr": 0.7248922028605523}, "valence": {"g1vg2": 0.9755136936906599, "g1vpr": 0.9050852715975625, "g2vpr": 0.9119167020199449}}, "('es1', 'es3')": {"overlap": 12}, "('es2', 'es3')": {"overlap": 222, "arousal": {"g1vg2": 0.710390831345051, "g1vpr": 0.7244598469013257, "g2vpr": 0.6905900644162456}, "valence": {"g1vg2": 0.9763604326812766, "g1vpr": 0.9060814638417142, "g2vpr": 0.9068022366205312}}, "('es4', 'es5')": {"overlap": 0}, "('es4', 'es6')": {"overlap": 0}, "('es5', 'es6')": {"overlap": 1}, "('de1', 'de2')": {"overlap": 35}, "('de1', 'de3')": {"overlap": 3}, "('de2', 'de3')": {"overlap": 498, "arousal": {"g1vg2": 0.7603380554631205, "g1vpr": 0.7206806675167734, "g2vpr": 0.6634484151866833}, "valence": {"g1vg2": 0.9627981638734362, "g1vpr": 0.8059362178490987, "g2vpr": 0.8123267997268544}}, "('pl1', 'pl2')": {"overlap": 445, "arousal": {"g1vg2": 0.7247367632392894, "g1vpr": 0.7643933929067548, "g2vpr": 0.6425338484786476}, "valence": {"g1vg2": 0.9434541158792172, "g1vpr": 0.8375907178531299, "g2vpr": 0.8515553417361448}}, "('zh1', 'zh2')": {"overlap": 140, "arousal": {"g1vg2": 0.4815837805545008, "g1vpr": 0.5560010800520159, "g2vpr": 0.45522340130867145}, "valence": {"g1vg2": 0.9324955489128457, "g1vpr": 0.917601781154087, "g2vpr": 0.8975888661825681}}}